<?xml version="1.0" encoding="UTF-8"?>
<beans:beans xmlns="http://www.springframework.org/schema/mvc"
	xmlns:xsi="http://www.w3.org/2001/XMLSchema-instance" xmlns:beans="http://www.springframework.org/schema/beans"
	xmlns:context="http://www.springframework.org/schema/context" xmlns:tx="http://www.springframework.org/schema/tx"
	xsi:schemaLocation="http://www.springframework.org/schema/mvc http://www.springframework.org/schema/mvc/spring-mvc.xsd
		http://www.springframework.org/schema/beans http://www.springframework.org/schema/beans/spring-beans.xsd
		http://www.springframework.org/schema/context http://www.springframework.org/schema/context/spring-context.xsd
		http://www.springframework.org/schema/tx http://www.springframework.org/schema/tx/spring-tx-4.0.xsd">

	<!-- DispatcherServlet Context: defines this servlet's request-processing 
		infrastructure -->

	<!-- Enables the Spring MVC @Controller programming model -->
	<annotation-driven />
	<tx:annotation-driven proxy-target-class="true" />
	
	
	<!-- Handles HTTP GET requests for /resources/** by efficiently serving 
		up static resources in the ${webappRoot}/resources directory -->
	<resources mapping="/resources/**" location="/resources/" />

	<!-- Resolves views selected for rendering by @Controllers to .jsp resources 
		in the /WEB-INF/views directory -->
	<beans:bean id="viewResolver" class="org.springframework.web.servlet.view.tiles3.TilesViewResolver"/>

	<beans:bean id="tilesConfigurer" class="org.springframework.web.servlet.view.tiles3.TilesConfigurer">
		<beans:property name="definitions">
			<beans:list>
				<beans:value>/WEB-INF/layouts/layouts.xml</beans:value>
				<beans:value>/WEB-INF/layouts/views.xml</beans:value>
			</beans:list>
		</beans:property>
		
	</beans:bean>
	<beans:bean id="messageSource"
        class="org.springframework.context.support.ReloadableResourceBundleMessageSource">
 
        <beans:property name="basename" value="/WEB-INF/messages" />
 
    </beans:bean>

<!-- activate the @Repository annotation -->
	<context:component-scan base-package="com.oknion.conceptmap" />
</beans:beans>
